﻿<mockup version="5.3" minAllowVersion="5.3" ID="4FBDA33E-DBD7-4F22-B3DB-985C49C90039" platform="MtWeb" defaultW="600" defaultH="1200" measureW="600" measureH="1200" mobileScreenScale="0">
  <controls controlCount="8">
    <control controlID="3D98F7B9-74AF-4161-A4EA-34FF9942BCA8" controlTypeID="Image" x="0" y="0" w="601" h="426" zOrder="0">
      <URL>B8B3890C1977FC1EB4AF24CA5F437243.png</URL>
    </control>
    <control controlID="3CB0D7E5-C8E4-4C97-8E84-8263B4BA89F4" controlTypeID="Icon" x="16" y="83" w="24" h="24" zOrder="1">
      <icon>
        <ID/>
        <iconFontName>jdIonicons</iconFontName>
        <iconCode>62154</iconCode>
      </icon>
      <URL>D95E480717200F895E41DB6E5B869596.svg</URL>
    </control>
    <control controlID="B59C638F-24A7-4B89-BA1A-9EC8F0ACE3E0" controlTypeID="Shape" x="0" y="69" w="590" h="51" zOrder="2">
      <caption>SearchBooksBar</caption>
      <color>16777215</color>
      <borderColor>4294901760</borderColor>
      <font family="Arial" displayName="Arial" postScript="" weightStyle="Regular" weight="400" isBold="False" isItalic="False"/>
      <textSize>14</textSize>
      <selectedIndex>-1</selectedIndex>
      <thickness>3</thickness>
    </control>
    <control controlID="26F305F0-EC84-4310-BF93-D0158303CA62" controlTypeID="Shape" x="10" y="130" w="570" h="307" zOrder="3">
      <caption>SearchResults</caption>
      <color>16777215</color>
      <borderColor>4294901760</borderColor>
      <font family="Arial" displayName="Arial" postScript="" weightStyle="Regular" weight="400" isBold="False" isItalic="False"/>
      <textSize>14</textSize>
      <selectedIndex>-1</selectedIndex>
      <thickness>3</thickness>
    </control>
    <control controlID="3F628393-1C03-43F2-B28B-C17CEE457637" controlTypeID="Shape" x="58" y="153" w="158" h="257" zOrder="4">
      <caption>Book</caption>
      <color>16777215</color>
      <borderColor>4294901760</borderColor>
      <font family="Arial" displayName="Arial" postScript="" weightStyle="Regular" weight="400" isBold="False" isItalic="False"/>
      <textSize>14</textSize>
      <selectedIndex>-1</selectedIndex>
      <thickness>3</thickness>
    </control>
    <control controlID="AF1F3BBA-211B-4020-B43D-90DB4F02461C" controlTypeID="Shape" x="158" y="306" w="48" h="49" zOrder="5">
      <caption>BookControl</caption>
      <color>16777215</color>
      <borderColor>4294901760</borderColor>
      <font family="Arial" displayName="Arial" postScript="" weightStyle="Regular" weight="400" isBold="False" isItalic="False"/>
      <textSize>14</textSize>
      <selectedIndex>-1</selectedIndex>
      <thickness>3</thickness>
    </control>
    <control controlID="B3944EC5-6EED-439B-9081-5BCEB87D8048" controlTypeID="Shape" x="25" y="140" w="534" h="287" zOrder="6">
      <caption>BooksGrid</caption>
      <color>16777215</color>
      <borderColor>4294901760</borderColor>
      <font family="Arial" displayName="Arial" postScript="" weightStyle="Regular" weight="400" isBold="False" isItalic="False"/>
      <textSize>14</textSize>
      <selectedIndex>-1</selectedIndex>
      <thickness>3</thickness>
    </control>
    <control controlID="98BA6E27-BF92-4356-8DCE-9978FF6140C3" controlTypeID="TextArea" x="-283" y="140" w="235" h="470" zOrder="7">
      <font family="Arial" displayName="Arial" postScript="" weightStyle="Regular" weight="400" isBold="False" isItalic="False"/>
      <text>SearchBooks%0D%0A-SearchBooksBar+%5BsearchQuery%5D%0D%0A--CloseSearch%0D%0A-SearchBooksResults+%0D%0A--BooksGrid%0D%0A---Book++%5BcurrentShelf%5D%0D%0A----BookCover+%5BbackgroundImage%5D%0D%0A----BookShelfChanger+%5BmoveToShelf()%5D%0D%0A----BookTitle+%5BbookTitle%5D%0D%0A----BookAuthors+%5BbookAuthors%5D%0D%0A+</text>
      <selectedIndex>-1</selectedIndex>
    </control>
  </controls>
  <param>
    <backgroundColor>4294967295</backgroundColor>
    <fontSize>14</fontSize>
    <fontFamily>Arial</fontFamily>
    <guideLines/>
  </param>
</mockup>