﻿<project version="2.9" name="MyReads" ID="5FAE0341-9024-4893-9D64-E2084E472FA5">
  <params>
    <pageParam version="5.3" minAllowVersion="5.3"/>
    <projectParam version="2.9" minAllowVersion="2.9" platform="MtWeb" pageSize="(600,1200)" backgroundColor="4294967295" fontSize="14" fontFamily="Arial" projectType="ptPersonalProject" isShowTitleIndex="False"/>
    <previewParam version="1.0"/>
    <colorParam version="1.0"/>
  </params>
  <pages>
    <page name="ListBooks" ID="4FBDA33E-DBD7-4F22-B3DB-985C49C90039" expanded="True" code="TVtNDUtIIi" thumbCode="QBS5dqb4da" isLastOpen="True" status="psWhite" isfolder="False" isshownode="True">
      <images>
        <image key="3FFA79A3472924FE8301C6940AADDBF1.png"/>
        <image key="0B60EF82583BD38F786F92F96DFEEAFB.png"/>
        <image key="C2DA32AD73BD4A46DCAE15462637BA6C.svg"/>
        <image key="544BC922B5D301CFF0991409FB6B5037.png"/>
      </images>
    </page>
    <page name="SearchBooks" ID="AB7A4126-0DFF-496A-8F58-BB47FB5ABA08" expanded="False" code="b6NV4pRHlt" thumbCode="b6NV4pRHlt" status="psWhite" isfolder="False" isshownode="True">
      <images>
        <image key="B8B3890C1977FC1EB4AF24CA5F437243.png"/>
        <image key="D95E480717200F895E41DB6E5B869596.svg"/>
      </images>
    </page>
  </pages>
  <trash/>
  <deletes/>
  <masters/>
  <images>
    <image key="3FFA79A3472924FE8301C6940AADDBF1.png"/>
    <image key="B8B3890C1977FC1EB4AF24CA5F437243.png"/>
    <image key="C2DA32AD73BD4A46DCAE15462637BA6C.svg"/>
    <image key="544BC922B5D301CFF0991409FB6B5037.png"/>
    <image key="0B60EF82583BD38F786F92F96DFEEAFB.png"/>
    <image key="D95E480717200F895E41DB6E5B869596.svg"/>
  </images>
</project>